title,vote,created_at,comments
[S7E5] Contest # 5 - Applications for Hand of the King/Queen Open!,234,Tue Mar 2 22:52:12 2010 UTC,298 comments
[NO SPOILERS] just my attempt drawing comic about GoT.,1154,Wed Aug 16 17:01:04 2017 UTC,41 comments
[EVERYTHING] - Scouting Report: Jon Snow's 7 - The Ringer,9213,Thu Aug 17 07:17:43 2017 UTC,807 comments
[NO SPOILERS] My friend didn't want to post her drawings because she thinks they are shit. Please help me prove her wrong.,1574,Wed Aug 16 20:26:13 2017 UTC,150 comments
[NO SPOILERS] A dragon has many purposes,2660,Thu Aug 17 01:15:21 2017 UTC,55 comments
[EVERYTHING] Fellowship of the Wight - by Thobias Daneluz,1061,Wed Aug 16 21:37:08 2017 UTC,28 comments
[NO SPOILERS] I made House Targaryen sugar cookies.,4098,Thu Aug 17 01:53:15 2017 UTC,162 comments
[MAIN SPOILERS] I'm still mad...,604,Wed Aug 16 18:38:58 2017 UTC,200 comments
[MAIN SPOILERS] RED HOT BRONN PREDICTION,9708,Thu Aug 17 03:21:00 2017 UTC,882 comments
[S7] Did this tonight of my other favorite moment from episode 5. Enjoy!,363,Wed Aug 16 13:46:06 2017 UTC,18 comments
[NO SPOILERS] I drew a picture of Sandor,209,Thu Aug 17 04:14:04 2017 UTC,12 comments
[EVERYTHING] - My fav behind the scenes picture,â€¢,Thu Aug 17 06:42:28 2017 UTC,12 comments
"[EVERYTHING] Randyll Tarly - ""You killed your own Father""",2420,Thu Aug 17 09:19:00 2017 UTC,496 comments
[MAIN SPOILERS] There is so much packed into the Jaime-Cersei scenes in S7 E5,2346,Wed Aug 16 16:45:39 2017 UTC,306 comments
[EVERYTHING] Anyone else wonder why no one seems to be curious who...,1000,Wed Aug 16 15:52:56 2017 UTC,205 comments
[EVERYTHING] Sir Davos Napkin Art,186,Wed Aug 16 20:07:06 2017 UTC,10 comments
[No Spoilers] Dracarys! by Hikaru Yagi,2549,Thu Aug 17 05:03:39 2017 UTC,65 comments
[EVERYTHING] I absolutely loved the juxtaposition between these two scenes involving Samwell Tarly,1679,Wed Aug 16 14:39:59 2017 UTC,72 comments
"[NO SPOILERS] Mother of Dragons tribute necklace I handcrafted in sterling silver, clay and resin.",225,Wed Aug 16 16:17:20 2017 UTC,10 comments
[EVERYTHING] How many combination of Aryas blue and brown clothes can there be?,421,Thu Aug 17 03:00:16 2017 UTC,38 comments
[NO SPOILERS] I embroidered the House Targaryen sigil,787,Wed Aug 16 23:36:02 2017 UTC,27 comments
[NO SPOILERS] My Jon Snow drawing,831,Wed Aug 16 19:48:44 2017 UTC,27 comments
[MAIN SPOILERS] I just realized that Roose Bolton,2657,Wed Aug 16 18:45:01 2017 UTC,444 comments
"[EVERYTHING] I know I am going to get a lot of hate for this, but the quality in the writing this season has left a lot to be desired.",4592,Wed Aug 16 12:12:31 2017 UTC,2121 comments
"[NO SPOILERS] i feel sorry for the people who, after the show is completed, will binge watch the entire show",75,Wed Aug 16 10:16:50 2017 UTC,21 comments
[NO SPOILERS] The Milwaukee Brewers hosted a Game of Thrones theme night,1428,last edited 21 hours ago,81 comments
